actual,expectations
1.2099177817262505,1.4117853480786369
1.1534955025755564,1.3706287106707993
1.0382151246820088,1.289957262910385
1.185453228612127,1.2466224746798549
1.2790969765595857,1.2814371482394564
0.8824224160807954,1.3541396760139317
0.9243485383719311,1.402305526388102
1.250712686547264,1.3905020982823928
1.5847570012063597,1.3250409528107117
1.2521747668852035,1.2623262221770508
1.1944815752056475,1.2648868870663441
1.2029930174638734,1.3246258761966785
0.9738198501321353,1.3853492230727853
1.3584498578292243,1.399597510392996
1.6383741025188585,1.3552902783186955
1.5665915640392567,1.286243984320442
1.2546980325534467,1.2590752582406664
1.2670541791226784,1.298022935519212
1.397939383392427,1.3624450617164703
1.3346784402352396,1.398409824506207
1.1637875171299579,1.3782891507570607
1.1736808391247249,1.3149115546002736
1.2657034661945026,1.2649294368375696
1.1774528366215145,1.2775498283975915
1.2225186631838538,1.3361732381024907
1.3737839725204133,1.3878369577360443
1.3463635583496798,1.3921697682424468
1.4768040963309814,1.3437513896325062
1.3899443623081122,1.2815403148028595
1.0572939116446263,1.266200300090361
1.1844621993040962,1.3098897452825686
1.3719776317347623,1.3695048300238408
1.2923658990209888,1.3960952011953796
1.364819404938288,1.3684353373759275
1.3158937338969954,1.3058621610720653
1.169927578736212,1.265961275995917
1.2070498200772022,1.2873560977143232
1.5241904262832904,1.3458896119815178
1.7281425268158674,1.3902415416683405
1.672805929684974,1.3857240521138667
1.4105708564967514,1.3333304128752348
1.1670841335625532,1.2770747171709602
1.1506941711107699,1.2721741442257517
1.4169546061324734,1.3202579443731421
1.5637621782759565,1.3757368316295695
1.6331442986918667,1.3937694914282517
1.633317512589843,1.3590991131795138
1.440523971962312,1.2975434172103328
0.9844482808446489,1.2671065124023468
1.1848428761419936,1.2964158434162538
1.5750278763303742,1.354662277972923
1.6120621926560945,1.39203921315984
1.323502339447789,1.3791445821953592
0.9324812900852195,1.323387232749639
1.3533072439885578,1.2733686770361476
1.5962509725437342,1.278236538279936
1.6021362462122304,1.3299937376479878
1.2419920228090198,1.3811317630427409
1.1576555393034489,1.390823637853385
1.2752745373586745,1.3497175312481595
1.5449568258353914,1.2900068210405409
1.58531540492697,1.2690096246725695
1.3049967391028505,1.3053986757095994
1.0186324222504217,1.3626890163253307
1.2224494199906542,1.3929463134261937
1.5246600532290207,1.3720181735728838
1.601712285494646,1.3138202960234033
1.433453408394278,1.2707320986892658
1.1820292158985128,1.2848360507536778
1.145464701421531,1.3393318070038267
1.1910406335233001,1.385591272182958
1.2892726564713344,1.386982370965886
1.3052517476161307,1.3401554447807953
1.374652651410702,1.2834139439336758
1.5603520671693403,1.271949471116545
1.4155135562052796,1.3144973118367644
1.4577216410990568,1.369955311094911
1.5892741743637013,1.3927914486371429
1.5871837384586593,1.3642137796530258
1.2253808548316178,1.3047279028471033
0.9690963179485821,1.2693606873936705
1.113115918217554,1.2921074117716114
1.3203308006796919,1.3482759757801004
1.243988656598059,1.3890052263879982
1.349833464113692,1.382129051985004
1.6666935827491267,1.3304677998250964
1.4968624614307104,1.2779455532535837
1.336272210619227,1.276025337394699
1.2805881473295135,1.3237033881383427
1.3505179630062243,1.3763738006175539
1.2959888877436898,1.3914732831769783
1.408698754027262,1.3557459132611605
1.3429916516017937,1.2962897059816678
1.647634213024953,1.269365426319413
1.6877506838611565,1.300031545198605
1.3624023341668572,1.3567356054351514
0.9964189596781696,1.3912768000131128
1.0454264400400124,1.3762418347511134
1.2164539950564124,1.3208076337037056
1.4054280260882754,1.2737627516733105
1.4568609756097592,1.281229534520783
1.4272032510409105,1.3329142085370327
1.3074027878495496,1.3818372176999048
1.1644722190208516,1.388942444852268
1.0928795817429637,1.3467173083843793
1.1647585936728257,1.2887115574819359
1.2325832172642655,1.2707870313282863
1.2500114126684279,1.3085052501231766
1.1683520887793382,1.364583200145055
1.3486752076706565,1.3923315106471155
1.3442456698807268,1.3693652760969859
1.5025783751152368,1.3113806484569126
1.3373004136019129,1.270988320097283
1.368978714123184,1.287484035084666
1.1863345392923146,1.3419828217857201
1.318018527023375,1.3862413975498857
1.1506541067346214,1.3851923399516264
1.1542495293692763,1.337289449488489
1.3038647699651043,1.2821944303414015
1.4037671353253904,1.2736069530306022
1.24013325505549,1.3173777673271345
1.059579541234063,1.371682042956776
1.0618042897885933,1.3921202385039793
1.1822684600105609,1.3615955304155285
1.3447449749890663,1.3024175662654698
1.3533948432088385,1.2696984159260887
1.2047856904850938,1.2946626160094812
1.1226079404611695,1.3507445420587045
1.3066101268600507,1.3894958702570626
1.0372830569694131,1.3802542220987488
1.3250659867999186,1.3276643781159414
1.5654022907216523,1.2769150710983295
1.502013897392412,1.2777573687738375
1.2820623546452048,1.3264726416010244
1.099685482953464,1.3779004449582797
1.0395010125948545,1.3906200012802201
1.0906441642791753,1.3530712305358412
1.173408540164546,1.2941542071989547
1.3330828576997722,1.2699205107320406
1.3778753661300518,1.3026059425710586
1.5421522570201767,1.3590320547684054
1.467366017407513,1.3915287738210371
1.4152902385429924,1.3741945933411723
1.4519486523935374,1.3180712415091873
1.3288230443809435,1.2730138251770446
1.20869089918364,1.283130342323665
1.0255623214725664,1.3356019244381705
1.2126046987441146,1.3831193662314492
1.5380684584842788,1.3878341806376637
1.6025091322963572,1.34396669313043
1.3982381810963076,1.2868156135414346
1.0653211614616809,1.271635306172435
0.9182809574169348,1.3111327759969822
1.0609748999655104,1.3666844177902342
1.0634443472276505,1.3922891036838876
1.258383062899414,1.3671137351310458
1.311589199535775,1.30875455329953
1.3489015946925693,1.2705876303336237
1.5909258664354577,1.2895859785042552
1.6467999479638744,1.344575831848965
1.292370044481093,1.3872365472000239
1.1439813525460285,1.3837929685401975
1.201716908298482,1.334485838227536
1.1187894229196453,1.2806031105915054
1.2964499660461313,1.2747810632537409
1.417649601569469,1.3200488577352256
1.455684271849039,1.3735526004990901
1.3291034987792485,1.3917478089436393
1.2862312855422564,1.3591444339161063
1.4336318551726988,1.2999627477248294
1.3434766573072385,1.2696870676106922
1.2305501431051102,1.2969596006457953
1.0837894868580906,1.3532094620385504
1.1017732649898537,1.3901687498601885
1.0738969608783033,1.3785542332057266
1.0921692272990193,1.3248559148047154
1.2147012110164088,1.275684193414909
1.385238571222178,1.2792591289309558
1.3339632911445845,1.3291542096241271
1.3233872174705728,1.379502974954323
1.247733950481119,1.3898985681813352
1.6062105167243699,1.3504502256924134
1.7143493111361565,1.2919366623828121
1.4024430030737778,1.270316656824117
0.8949122143018721,1.3050681971777438
1.1798465653249346,1.3613275388512622
1.206261340001854,1.3918529872044259
1.3621301072288374,1.3722045903902238
1.3290252482810432,1.3153204003330934
1.1675601480284887,1.2721853718218383
1.2554755797250516,1.2849397757006589
1.2825216823111476,1.3382491593713064
1.3667233995848094,1.3844195455539108
1.36807536458718,1.3867587219447453
1.164519549245214,1.3412227599764563
1.2318171601131644,1.2848983406272416
1.3400391971978278,1.2724376197828124
1.5094771503206235,1.3137164099445824
1.702139137584387,1.3687678173498277
1.6615478177292138,1.3922472673220232
1.3044927769796464,1.3648602155459586
1.1736165655389792,1.306130663106839
1.2005637124408388,1.2701880269093686
1.2420417688439613,1.2916678720867676
1.3429158193432322,1.3471392351789397
1.3064755980696687,1.3882053757235324
1.261116805965011,1.3823705667781725
1.3546073808514194,1.3316780590874664
1.308831025284717,1.2790409383734205
1.3055707461840669,1.275972277586199
1.3360340758254636,1.3227021846793048
1.1114498880158599,1.3753835677871504
1.2348674917847708,1.391331213964561
1.5122172315181939,1.3566668963557835
1.303338623336903,1.2975363485613725
1.4017212149339808,1.2697271594277884
1.2985492377299526,1.2992682838531033
1.145427125816265,1.3556390653982666
1.2906229595185008,1.390783504372718
1.429110752293201,1.376802933055904
1.5776338152069977,1.322051471431094
1.5389490611301047,1.2745205319750703
1.1800239810810027,1.280809259559716
1.0992443343091727,1.3318220150005544
1.336971349156067,1.381045396163307
1.3422975513840683,1.3891068446674615
1.3784298043424876,1.3477989698674993
1.4570283353595828,1.2897749492665695
1.2261611679537372,1.270792706539875
1.149757388064119,1.30755112161501
1.132922583968546,1.3635754524432755
1.013803483798677,1.3920975663087682
1.1184795999055284,1.3701527049723237
1.3584713387006235,1.3125910942674506
1.41038948124744,1.271450385770206
1.2835430792770675,1.2868088857559037
1.2592518262213703,1.3408756198425624
1.1983276925106694,1.3856425626646183
1.2636398068821775,1.3855997011537353
1.429992928874147,1.338456973608836
1.3710533325202507,1.2830614368211635
1.262550714761367,1.273332881831326
1.464132703221597,1.3163169413533622
1.3323298474884584,1.3707897915119855
1.254920227520841,1.3921123044729273
1.5608340526138336,1.3625457962725054
1.6602764046374,1.3035495577139944
1.5413803924732237,1.269897928565264
1.09833174709063,1.2938084072864844
0.8048011213074375,1.3496699341214584
1.1915641203208935,1.389083916424889
1.5485189954209186,1.3808603677476523
1.3996675189286667,1.3288639191966403
1.2759743332874145,1.2775789751913553
1.2182925605283619,1.2772588217027292
1.2153438600134283,1.3253618511298773
1.3702433641082445,1.3771399668421693
1.577987909156797,1.3908141664796825
1.6513369987934943,1.3541371364301646
1.461351188695069,1.2951744036195414
1.2841216044560084,1.2698843994366646
1.0196274520872528,1.3016270925782591
1.2086375949997548,1.3580223999171457
1.4719896029084982,1.3912985560874345
1.5854048585148859,1.3749661829280506
1.4466421937280314,1.3192600529337017
1.408873480853125,1.2734715752411534
1.0745968284250917,1.2824498117166294
1.2568868940459652,1.3344823329756452
1.2812194000095356,1.382501813632316
1.2745996417763872,1.3882121757784867
1.1823916882690149,1.3451093972096826
1.2265098469122129,1.2876977435252133
1.1292082361488014,1.2713868512971775
0.9812710136724726,1.31007127984661
1.0024413132836572,1.3657636331941312
1.0666458477487648,1.3922363350651965
1.1337842800935662,1.3680227338995923
1.035483796731248,1.3098959419284528
1.0974569028693693,1.2708392273316471
1.0420173489339148,1.2887585665125902
1.3924462513670137,1.343479561183957
1.479249159226191,1.3867702112280549
1.5068473565793779,1.3843392019622605
1.4764757353094036,1.335670350781239
1.3837172813440881,1.2813262005932968
1.1873474457674253,1.27434194804278
1.1525907305569403,1.318939446719022
1.3695285790166323,1.3727395670932585
1.2851363249906596,1.3918683546659973
1.262571233956971,1.3601646414093018
1.3991404067989954,1.301023888709704
1.1621491641049138,1.269735713145991
1.0870070632515914,1.2960163548790746
1.3732452606019987,1.3521630858406815
1.34071195165223,1.3898598762910144
1.4229429417826376,1.379253589345982
1.5179465839905026,1.3260487817220323
1.4093466651227888,1.27623216697008
1.4271392166363868,1.2786508355631667
1.3172817292785284,1.3280271830934125
1.2360053888137617,1.3788131532358203
1.0926086804771247,1.3901876173989218
1.4274613780207224,1.351555236999957
1.7971511614514655,1.2928880599164148
1.4902676441119844,1.270168999491188
1.1877532114542826,1.3040380189837284
1.1898820256821907,1.3603538736847012
1.314881839391115,1.3917059418063853
1.262397156115511,1.3730408737528856
1.3013533595779414,1.3164888117796099
1.2184681546141007,1.2725471699387496
1.2363239455044341,1.2841844082545038
1.3847069629151711,1.3371318401425158
1.381902939515717,1.3838656774771683
1.5245691518832154,1.3872100095286573
1.6281694264304816,1.3423849232557634
1.5014085724392505,1.2857141446455926
1.0894836468184042,1.2721038373048068
1.037451541041987,1.3126270030555853
1.0755469264790223,1.367886778968101
1.192224515397417,1.3922644329955616
1.3888384223202332,1.3658151341057507
1.49698261433648,1.3072425076369363
1.4472167306746408,1.2703577937883013
1.105743698658272,1.290788536731661
1.1004842969800461,1.3460566431177035
1.1126567608545248,1.3877977415111342
1.2006316442494467,1.3829756943291764
1.1920358291621747,1.3328681367503192
1.4039481475194582,1.279699596685001
1.46656083312736,1.2754659478802053
1.6185950698181761,1.321580393694891
1.7123809708125064,1.3746125323280047
1.7115703735736136,1.3915127852813247
1.5977545017982169,1.3577194971824775
1.0451118551130998,1.2985608738538208
1.1432204110341255,1.2697042744976648
1.338418964392698,1.2982891388335562
1.5742457985690101,1.3546141665391935
1.5794756732916266,1.3905299757823524
1.5125722219713922,1.3775508088088544
1.5993630867004396,1.3232388243958637
1.4804691396647023,1.275005449291807
1.1308326384796945,1.2801470687602363
1.025117948411633,1.3306938108455806
1.314052127958091,1.3803993144792304
1.6157758730229634,1.3894505777782495
1.4938125990319169,1.348925450631694
1.2509536978520497,1.2906837521258496
1.1251416238137453,1.2705815907911262
1.1078833637590988,1.306497184345283
1.3879346196419153,1.362629189639567
1.2857537576532718,1.3920035719900885
1.4346154703239544,1.371029129006556
1.5653539933414375,1.3137442811832558
1.750217065259776,1.2717504016523884
1.6503836255392381,1.2860102363173984
1.3695931651463154,1.3397659105068933
0.9272355847963112,1.3851339635417452
1.2746115882311102,1.3861006346919955
1.7066832265175957,1.33963080576043
1.438045793721024,1.283829543081515
1.2920416445158518,1.2729425993403547
1.200215397794236,1.3152137292853086
1.3502076014150222,1.3699410125502
1.4125267493322755,1.3921807532272377
1.4421979508026184,1.3635332230467292
1.215184334550142,1.3046372632681023
1.259249131085735,1.2700075250109335
1.384414151709921,1.2928949645541905
1.6211690888979025,1.3486023111386682
1.7509844249573063,1.3887228678970145
1.655280128019544,1.3815105295129502
1.499257838601468,1.330056241656921
0.9917959190389348,1.2781858183094963
1.1121286639736647,1.2767025465819686
1.4674473321041686,1.324234931749315
1.3676817372252574,1.3764053151440518
1.5114354706813733,1.3910453360622672
1.4666085657039378,1.3552146364536801
1.0133717476763213,1.296166589620796
1.0109610018286779,1.2698036183010126
1.1246265541735219,1.3006222812386425
1.0978856508756392,1.3570188790608113
1.2215387297442473,1.3910926148868967
1.3058381007112454,1.375754317144163
1.3707042497302735,1.3204403215219562
1.4081340985359347,1.2739017435577729
1.245691565293511,1.2817442372913608
1.2282304464768583,1.3333568520219914
1.180562663703128,1.3818956173459929
1.310574775838531,1.388603558874447
1.3369361239176907,1.3462528215462926
1.4199634025907883,1.2885668834026638
1.3754246523692821,1.2711209548632705
1.2069370126994692,1.308999734664148
1.2028155690376816,1.3648444154760175
1.2583762926547684,1.3921904907977165
1.5047424950298338,1.3689341023454125
1.644476040705166,1.311032827794439
1.4223707044924079,1.2710829101660017
1.1387907518381872,1.2879233066825466
1.1059163225761564,1.3423798001499836
1.2212281057588124,1.3863043877761505
1.5098385085554575,1.3848853054660548
1.351163606843666,1.3368526935649776
1.3823791538318546,1.2820484456069334
1.3309054525813575,1.273900895110472
1.1717946579661145,1.3178264344779145
0.9116769172085188,1.371922830656003
1.1734565233547898,1.3919849601427625
1.2788556523052743,1.3611809519818792
1.5757606572221547,1.302086393715924
1.3219251664095906,1.269788825479066
1.182365633533947,1.2950733503876644
1.3852944663221147,1.3511120752541719
1.3696276634117046,1.3895438565919647
1.6001625148433174,1.3799457046876211
1.4125079816133563,1.3272407439093403
1.0956646299633033,1.2767883139376819
1.1573697411839403,1.278048661151803
1.310875179749171,1.3268980287192882
1.2294357738516632,1.3781148807495478
1.3107762272525285,1.3904662877408662
1.2579471387829335,1.3526547346068996
1.2195527432617157,1.2938467675401917
1.3448815733706558,1.2700330062844545
1.4082452348143313,1.303010938640148
1.4998145239849654,1.3593730680310865
1.5742237100016216,1.3915466094120874
1.5300183528901592,1.3738668630573863
1.4807011434164097,1.3176595803097215
1.316037413892742,1.2729233439554932
1.2467394379627064,1.2834385803108004
1.3669445941081668,1.336011394107601
1.157716765828778,1.383299520219768
1.044534499086681,1.3876474737294455
0.9776940047537024,1.3435426560172734
0.939271367657913,1.2865424813337147
1.3784003473177584,1.2717853354809354
1.461707134228849,1.3115406325506023
1.462013045291043,1.366995788635453
1.6156909841604765,1.3922660662677497
1.4155617624031758,1.3667592924866734
1.1898113722783374,1.3083607546409184
1.1400144057151458,1.2705458057827035
1.0751439626314285,1.2899193265545708
1.4557790715758796,1.3449688161907458
1.3423850203037162,1.387374917370546
1.5021288802360628,1.3835655982240094
1.4823289997255047,1.3340564028763544
1.321592078631182,1.2803749674429639
1.1084348538888669,1.2749760907630623
1.0752662992587305,1.3204600237034427
1.1338771722847278,1.3738289062839855
1.199714584226247,1.391676984389817
1.3378040229818908,1.358762544970842
1.3767584999257074,1.299595940383866
1.5920850257891515,1.2697016535472645
1.6645391633579967,1.2973190056321215
1.7758940184647418,1.353581540206544
1.8676025594528936,1.390259194146377
1.7400132905357868,1.3782834953310024
1.1235325893693304,1.3244278131438014
1.0654486075254246,1.2755101360072933
1.1210139317754708,1.2795009214691972
1.1778694232878655,1.329564653017627
1.2251069448424123,1.3797383689177527
1.3562713399866348,1.3897761554200647
1.3960320652372058,1.3500446867273956
1.298404036183848,1.2916069260366299
1.3039687701315672,1.270391327354645
1.4094382467136932,1.3054501590321201
1.4059154015679332,1.3616726969421695
1.6420044809930112,1.3918909742990988
1.8234428393854953,1.3718914477428978
1.4930968825095516,1.3149029263654655
1.1274985276967542,1.2720721557404415
1.4015245400304508,1.285226126275775
1.6629893266748716,1.338652571767918
1.6232491487704401,1.384608651949443
1.4541467483355404,1.3865834561039356
1.2920969487919538,1.3408004332622883
1.1789455426101738,1.2846153022573106
1.261767041182457,1.2725726686510415
1.408737558873763,1.3141147922753595
1.5763442063349744,1.3690796793978746
1.5372810520474323,1.3922298532320847
1.24651448381838,1.36450843075334
1.2976054917082709,1.3057343077688943
1.1750076324835648,1.2701398288956076
1.1536363670703642,1.2919938515333766
0.8757326886278741,1.3475283442572774
1.207076393334601,1.3883436859841196
1.295703850768012,1.3821433075270027
1.1129558773784114,1.3312478740141636
1.2340659081889958,1.278812909155743
1.3629085569438482,1.2761653016957295
1.4315343745998026,1.3231094005851487
1.5053463018446154,1.375656053776609
1.4319300364476717,1.3912569391507195
1.4204260237384558,1.3562824374620819
1.1434631557503276,1.2971718112134212
1.0790352597036323,1.269745627660467
1.2814246279158328,1.2996271394880305
1.485418452655271,1.3560064111223766
1.4637020967415921,1.390867530787483
1.2240180063414225,1.3765263967005295
1.2393668952387746,1.3216236866108289
1.2549011610807164,1.2743539961526449
1.4123614183596958,1.2810557560483429
1.4497720233631626,1.3322298084932978
1.2277563840055397,1.3812730661094152
1.2716649363019303,1.3889756396277417
1.3042967717774934,1.3473895728109202
1.1197354206426875,1.2894523782316893
1.3875788123022184,1.270877168625745
1.4024529765983236,1.3079349322311309
1.4643336575291304,1.3639138455541973
1.7044739028572284,1.3921248873308232
1.7742001497227147,1.3698312917244557
1.8160788767296379,1.3121766864882176
1.5432284820770357,1.271349735423356
0.9660739457453076,1.2871027457169946
1.3372931986081653,1.3412755839713721
1.4505472684542642,1.3858207915015723
1.4187307096048494,1.3854128333844777
1.4224298384375784,1.3380317830873372
1.3558014361959865,1.2827898366178347
1.236666918885756,1.2734806306049105
1.1655307146256908,1.316717109886335
1.307780153686401,1.3710925861089447
1.4231387715510175,1.392081571355038
1.413439807355947,1.3621854610101072
1.4839605253579629,1.303159660111707
1.454059965629842,1.2698653806092908
1.3842881200530779,1.2941423193487294
1.1312311185417148,1.3500538568283766
1.0654844580851566,1.389208979776036
1.3013864530667358,1.38062043181528
1.4604752716375358,1.3284331532814169
1.3683900569670127,1.2773657611139118
1.2544296556326122,1.277465425478808
1.1214680580738186,1.3257694859744686
1.1784358159613464,1.3774012242619067
1.4590900018737316,1.3907251081269807
1.4352629845130969,1.3537452621739405
1.432546467425131,1.2948197648085111
1.1930740778004545,1.2699200510526245
1.4893433899849813,1.301992882048232
1.6458216637999137,1.358382497699463
1.688675029402721,1.3913676714105623
1.7070290170932867,1.3746771159701303
1.5378209667383034,1.3188346508706492
1.2042417166346964,1.2733222704486362
1.0701599795230612,1.2827094153295087
1.2986995535495163,1.3348885464521987
1.4982166184591321,1.382716401859984
1.3225255577477313,1.3880656210001792
1.2398200331568678,1.3446946454484257
1.1549305307683408,1.2873882175528295
1.3718542123631396,1.2714888361103278
1.481639155185025,1.3104602069297533
1.608743256389902,1.3660927121812174
1.448792698433433,1.3922476839424713
1.367641984337085,1.3676898292469923
1.3419643293250496,1.309487168629387
1.5097747015531662,1.2707572979852222
1.467730416860978,1.289064168772201
1.3756855807624093,1.3438757020499825
1.3577381013380874,1.3869338653782683
1.1885806088240216,1.384137125293365
1.1908784413574698,1.3352424727817591
1.2279833868172179,1.2810702976772659
1.4801404420462032,1.274506655300737
1.355236673357529,1.3193424764565949
1.3043853663963887,1.3730311365689583
1.256344473544714,1.3918211030033492
1.2052764768556044,1.359794533850915
1.258179832148063,1.3006428903229212
1.1834844069686328,1.2697225323424388
1.1367301265767922,1.2963600642777922
1.0099976439358964,1.3525409189092388
1.1955473785567674,1.3899692357668718
1.6063201139266634,1.3789991737594989
1.750176980036441,1.3256183773883556
1.449130550252847,1.2760366965066852
1.2433700341763612,1.2788731566775513
1.0748266997844496,1.3284352284041596
1.3510522141621397,1.3790615065611096
1.4164734858164412,1.3900819459066074
1.3553302813504062,1.351155841786448
1.1840404939139235,1.2925453900243988
1.2900544756163421,1.270223923318804
1.2743848753252949,1.3044112970717947
1.2253681435015875,1.3607057183995803
1.3517070836618243,1.3917585748478964
1.6117328684904209,1.3727385722103655
1.486318236300095,1.3160670230514715
1.3948240654064255,1.272416997329039
1.2662608108383788,1.284457984514765
1.0133388306056996,1.3375359738781705
1.0062954102287132,1.3840659493976841
1.5067243038329625,1.3870471624642668
1.6077183203789271,1.3419653202260842
1.5457003578702397,1.2854193002070113
1.1697979015496283,1.272224367248438
1.068709469646591,1.313020902306911
1.2433402328965437,1.3682056168715355
1.2346151266924505,1.3922588574991432
1.4376397769492342,1.3654707064969387
1.400577050670917,1.3068406405583326
1.3634443214129444,1.2702957196758005
1.2694603486801228,1.2911059969075889
1.2827492683771513,1.346448276153824
1.39200175455817,1.3879459480857237
1.4732174639726852,1.3827580468577572
1.35364511658819,1.3324383944968041
1.3459666927530358,1.279460608505799
1.3814178550039753,1.275647946836661
1.475382504197124,1.3219857884253565
1.2822206726387395,1.3748920904297057
1.3029134883520286,1.3914484947099288
1.5539778419909116,1.3573400023654296
1.4272784720170346,1.2981899606072553
1.3620633724594648,1.2697110328418262
1.2826135263343452,1.2986423284507829
1.188570839970239,1.3549851931325414
1.082035131514559,1.390623042326923
1.2855897904060103,1.3772819427110012
1.192475747316421,1.3228097572470592
1.1849431270798054,1.2748285637418966
1.354751017886771,1.2803849985489508
1.5472672718310505,1.3311016129357804
1.5143143238507957,1.3806341289434028
1.4579366699129146,1.3893280806526818
1.4593668468271896,1.3485191819738254
1.712292536676757,1.2903540852988966
1.6212482888059512,1.2706559503840325
1.6179181037663095,1.3068773930811957
1.5118740805809363,1.3629721044988694
1.4747196343287532,1.392039354630004
1.4199504600211372,1.3707138970864094
1.3838543084561712,1.313327131166845
1.3729040051038277,1.2716398756071425
1.3246919927103586,1.286297394596516
1.538624524192912,1.3401672607381225
1.5865654910434994,1.3853194268997515
1.6255868691214885,1.3859215127879545
1.2656923566780176,1.3392071657313265
0.9687158613640263,1.2835502281365372
1.1780201689618945,1.2730815422945212
1.6674796169136252,1.3156119186281252
1.5592322926687952,1.3702490045853544
1.3169227385320843,1.3921580606717987
1.171085267160739,1.3631777797505875
1.1734459230226262,1.3042433078809934
1.2322118640991093,1.269965541264604
1.2223272520092987,1.2932237136967373
1.274695660959297,1.3489887411725066
1.168800894574698,1.3888552630717526
1.2582850225292952,1.3812775119570266
1.4633558113536043,1.3296255517674855
1.4577419448843607,1.2779643899821624
1.426011391783949,1.2769014909768674
1.3018056497811903,1.3246419572066157
1.2439425937098205,1.3766723416087994
1.1568879438744395,1.3909639594804601
1.1463501242460163,1.3548264174350972
1.2998279553976344,1.2958066945512074
1.4444283993858427,1.269830315658974
1.3876136786074,1.3009842726889096
1.3179861383792502,1.3573824445345455
1.2525796496478145,1.3911691400359076
1.3044002892221465,1.3754713570874613
1.6371873259127971,1.3200135607234573
1.7636949561388118,1.2737438801391636
1.6322296409471284,1.2819972741050352
1.3245144292271327,1.3337636694143284
1.2971676047987115,1.382116460889472
1.2227934915024137,1.3884643173915727
1.2703729134523323,1.3458404637377182
1.3423393527360747,1.2882510386845387
1.3469422449258135,1.2712145547061178
1.1696096836151806,1.309386134148022
1.2622513604230114,1.3651778039119826
1.354062219731832,1.392209280097049
1.2486545097134047,1.3686064350524427
1.306739581281477,1.310621293567447
1.5001467746102883,1.2709922638581679
1.4908395590534236,1.2882234330365285
1.2248123791362047,1.3427776468097994
1.0543309124938913,1.3864746987577659
1.2714955655940137,1.3846901104087994
1.3505605759816497,1.3364258926531507
1.2529971292541875,1.2817853332120477
1.169872800522522,1.2740578956497692
1.1123807964766785,1.3182281475018018
1.0503228384093966,1.372219448186255
1.4768390259619109,1.391945107189925
1.6903061171642977,1.360815112800931
1.3308159312712182,1.3017012917205473
1.171340894200783,1.2697669725064915
0.9543148420067793,1.2954126954753824
1.0484090283335765,1.3514926222866175
1.4021182402197085,1.3896601836963762
1.494057015667317,1.37969763675133
1.2980302144098446,1.326810044960363
1.0268359468119068,1.2765849503312283
1.245358823625025,1.2782640664519127
1.3838906607731272,1.3273059183788765
1.4104791782903583,1.3783689205409306
1.4209975675641613,1.3903678794805732
1.5414220883401057,1.3522585222259675
1.728114182743759,1.2934987553210626
1.5491534140844454,1.2700795074987323
1.235088089949967,1.303380987292595
1.3850537472165896,1.359728545041173
1.5286548703003742,1.3916064226335556
1.339455993043951,1.3735702462632142
1.1111948234756108,1.3172360943320576
1.1026452266128557,1.272784827250677
1.0384625520256736,1.2837061369658396
1.0764789789037328,1.3364164802805236
1.1887383353980208,1.3835060147221308
1.290447996337776,1.3874916415777112
1.498632398129745,1.3431250348579067
1.4435323276384187,1.2862412088956823
1.1310103756803846,1.2718978859067713
1.3889770108138404,1.3119324505488834
1.5499728936941173,1.3673190847721233
1.7570615134196912,1.3922677776929633
1.717097945909627,1.3664197428042635
1.387745064871094,1.3079557976667773
1.2096511159610441,1.2704751813361492
1.0311360672775636,1.2902317543640742
1.2839284433371694,1.3453624481085409
1.3451643466497605,1.3875297767549037
1.3951931452721602,1.3833545872881226
1.3213889889579824,1.3336273418656426
1.3357190614980947,1.2801286628776685
1.3720954405904577,1.2751507272403735
1.2460025904977203,1.3208644818569175
1.419795330700707,1.3741136512154148
1.6471276394908523,1.3916199738696173
1.7692035976359437,1.35838697354974
1.7535342217855094,1.2992206062882659
1.3499599957977175,1.2696998978640581
1.0360941907464243,1.2976682220165263
1.2866417007507767,1.353955540186331
1.2264994964974836,1.3903592341788742
1.3553762721020985,1.3780207427920457
1.141036332434331,1.3239980556075068
1.2324580019837277,1.2753252763191965
1.431434222279294,1.2797322561179156
1.5320579437282291,1.329972640483048
1.4479870658103409,1.379978996240804
1.1951929971232067,1.3896608090207834
1.1260550957983844,1.3496412458190785
1.2972944382341622,1.2912716244623827
1.3169395432675095,1.270457437391891
1.287027836856799,1.3058275028256985
1.183666875729761,1.3620194776775718
1.3203304530017796,1.391933938039079
1.2826326170252915,1.3715816518296147
1.3771403788590975,1.3144836839333998
1.4770303415601886,1.2719532478517575
1.4945927510694916,1.285507582090401
1.4331639141202421,1.3390551879646526
1.5407056804314299,1.3848004470904285
1.462675648588902,1.3864112228361984
1.5444190847673787,1.3403784004066581
1.5609791773154142,1.2843293075476565
1.523334465517007,1.2727038317528263
1.424897619425818,1.3145112492785915
1.4679278499238722,1.3693923387685694
1.5871784566618472,1.3922144324423549
1.6582662486114552,1.3641575879243304
1.6029611732813387,1.3053368781020451
1.3092142389792576,1.270089310396587
1.1314885995557071,1.2923178907631678
1.0713970154706831,1.3479170629381814
1.2378502107217784,1.3884828211536702
1.4094998602194815,1.381916772671523
1.6545638732150743,1.3308174714472811
1.6125332955492853,1.2785839673492554
1.4553655421975171,1.2763571138917984
1.3998492453999831,1.3235158256155939
1.3323354943967054,1.3759284504487785
1.2740853049183556,1.3911828029161402
1.3548813566837778,1.3558978297427386
1.2719794861606584,1.2968071365591434
1.2392787644368082,1.2697638833943294
1.1504385041133371,1.2999854872504664
1.135622450963727,1.3563732159768482
1.282205040253245,1.3909510905330527
1.4463331548006744,1.376249359700199
1.3783823623893363,1.3211958296289514
1.4213604708487917,1.2741880261413805
1.6029079310028382,1.2813024579785546
1.8866163029502598,1.332637133417767
1.803106896541239,1.381499878182454
1.243539892818563,1.3888434778096908
1.3028703333713412,1.3469796959583238
1.2899364638583812,1.2891305814990497
1.310774274896864,1.2709626465637431
1.1695482321644328,1.3083188008728721
1.1171277666486024,1.3642513405120973
1.332817186899673,1.3921508894637238
1.6191428052183463,1.3695088281498944
1.6788794897021686,1.3117626545278636
1.4572823380060944,1.2712506445805352
1.1313759298812778,1.2873974564250754
0.9593533582535843,1.341675001871864
0.9885336999505645,1.385997560317728
1.0708663138213084,1.3852244188108138
1.049510910873615,1.3376062122883665
1.1472255491735635,1.2825197827228922
1.353663161129439,1.2736300293731024
1.4294652032205113,1.3171174243754546
1.5189513576758933,1.3713940842476675
1.4482896783782229,1.392048989637235
1.289154311073843,1.3618239466909463
1.3230526301812278,1.302770694510401
1.310099498956131,1.2698350003485728
1.2102618675874344,1.2944772626814398
1.2595388897070379,1.350436977585243
1.255231042587081,1.3893321417111433
1.3396025437109864,1.3803786966541258
1.3147806127010764,1.3280023426043153
1.1231828694503723,1.277154688430664
1.2591646388670457,1.2776739206407828
1.4504014053338108,1.3261771030249632
1.545153129816807,1.3776608182442636
1.43666091429236,1.3906339045096572
1.4431170425437205,1.3533523438413768
1.4669726770261433,1.2944666162641423
1.3334605123535042,1.2699581846751353
1.147559540465101,1.302359610024999
0.9198373806750345,1.3587414757869067
1.2520073350150378,1.391434581516483
1.5738014173656747,1.3743862273186702
1.6744070345953759,1.3184096594718067
1.5737787215748562,1.273175524010113
1.4140219904231872,1.2829708960740225
1.3231678712610435,1.33529445642254
1.4700478878745553,1.3829290180062266
1.3097218857472175,1.387916794443199
1.042749988324196,1.3442791508961331
1.182081592314039,1.2870806845100204
1.4251976908840374,1.2715933988581047
1.4811468869333073,1.3108498247297045
1.3713967532950828,1.3664203503442967
1.322207779795765,1.3922566366495597
1.4539302560932115,1.3673552421538535
1.6094679410040258,1.3090793092678221
1.4392171060698284,1.270678180182744
1.375575212176789,1.2893714695031953
0.9692653973193937,1.3442712049708239
1.232891066353051,1.387095303629682
1.3724604552765665,1.3839327790392846
1.4618340441618254,1.334814257765954
1.5077376417443806,1.2808168039741115
1.4590395031286625,1.2746738766030918
1.3979969089311295,1.3197458670096252
1.2325667400205753,1.3733209690842496
1.105377341700854,1.3917713567620307
1.1730245107816868,1.3594230010368722
1.3466599447778507,1.3002633091162605
1.3105040340015202,1.2697122726395544
1.49070403920404,1.2967051894798811
1.5024932522667769,1.3529177716750393
1.4747720205724735,1.3900761986436867
1.4755639205591966,1.3787425934501654
1.2290656536989448,1.3251881044793081
1.179597018101855,1.2758439499921443
1.095336031595885,1.2790978119424212
1.1253857851560654,1.3288432676177782
1.3145226581291174,1.3793078646882784
1.2966760269684081,1.3899737596753832
1.5073796523248582,1.3507553670255934
1.5434091663980085,1.2922046064060437
1.5358250218170104,1.2702817556343498
1.3009332638779003,1.3047856448866697
1.1279687546212829,1.3610562550945753
1.315529302244881,1.3918086896238646
1.3651996853855841,1.3724342972550445
1.498299260236086,1.3156458652203153
1.409629781974743,1.2722897564332767
1.3957575041621826,1.2847336312521898
1.3119240619206904,1.3379397256458747
1.4624414403631094,1.3842640110670192
1.458249150054841,1.3868818500849704
1.349052745614639,1.341545050311059
1.141833547970813,1.2851267518427125
1.414462624413077,1.272347691578915
1.536574314166314,1.3134154899782917
1.3304717833749062,1.3685228461453973
1.1610034176741877,1.3922506972693311
1.2274072131948133,1.3651245723321155
1.0883489391401622,1.306439907836182
1.2324041542394606,1.2702366793008082
1.1833005019802827,1.2914252040286163
1.3083271749407264,1.346839160000826
1.4144772023226087,1.3880917742802095
1.4652209598565153,1.3825380487685766
1.4622628226,1.3320084469361722
1.255029362493241,1.279224248853442
1.1192975030120573,1.2758325433656224
1.0969442833591743,1.3223914752878894
1.1344223977981907,1.3751697733308714
1.5133771153500317,1.391381605680663
1.712021234001103,1.35695913464986
1.671994648843041,1.29782066433586
1.383256707652567,1.269720827260823
1.216357948515022,1.2989969001315913
1.3119916343633886,1.355355123207571
1.5602106197288848,1.3907136035657592
1.4684013499197937,1.3770109042679914
1.4136689149734019,1.3223809778425282
1.6290897791767613,1.2746545501378461
1.811417510520408,1.2806252627485972
1.5384256475507152,1.331509310779096
1.1100099498337865,1.3808668395522818
1.0766299777506787,1.3892030234277302
1.1260095333613922,1.3481119323182396
1.3799771278618882,1.2900264744964502
1.60129211047841,1.2707332581393127
1.6826694576505692,1.3072585928528764
1.4875555566917837,1.3633136027825732
1.188665286255467,1.39207255215717
1.1507720125188114,1.3703967337436476
1.2844326712327303,1.3129107747590336
1.428825435043288,1.2715323701589696
1.2990661572690438,1.2865865718467595
1.181849909230676,1.3405681213020848
1.4523998188665543,1.3855025978386653
1.5519875911385732,1.3857399222795088
1.420816386295316,1.3387829852651438
1.0946881348709976,1.2832733451019518
1.3549934473016965,1.2732232666203922
1.3610208085774618,1.3160106948976438
1.3098768687688511,1.3705552922588136
1.516544110540198,1.3921327485212325
1.3628404479908158,1.3628207069020721
1.2763355795624383,1.3038506443623015
1.3133853939401057,1.2699266317308413
1.4179572877065219,1.2935541264719361
1.2520103999102188,1.3493743153147084
1.169114411001812,1.3889852185952813
1.3288207007171933,1.381042172615505
1.3896489919784591,1.3291947991203121
1.469958086031037,1.2777456910366467
1.6915089753138115,1.2771029830150316
1.7749921642385078,1.3250491637337505
1.5610222415463846,1.3769374116530466
1.1961046053490103,1.3908799751019316
1.1951556239899155,1.3544369282108621
1.186208028838187,1.2954485606096433
1.2710941148965067,1.269860050249424
1.3753417453647743,1.3013475439663318
1.489244526530832,1.357744813289952
1.2900337198036582,1.3912431204299545
0.9711362037082004,1.37518627969612
0.9225045306010627,1.3195872376847984
1.2287948969615532,1.2735889550737396
1.33714043864916,1.2822525694518154
1.384733390151741,1.3341702699046611
1.5268616415337104,1.3823351340713106
1.6814099917222767,1.3883225281644251
1.8183689067463429,1.3454272468156692
2.050333974160671,1.2879373746978098
2.0622431033125372,1.2713110722025505
1.7417483524214286,1.3097734121358497
1.0833443277609656,1.3655096849336292
1.230411782144385,1.3922254624068962
1.4357036736717828,1.3682769137679776
1.4364412522326133,1.3102107030993517
1.4945307674880441,1.2709046717468506
1.5268059173430302,1.2885254842932872
1.294820311834988,1.343174894426226
1.3032573686317075,1.3866426651907593
1.4571120950755845,1.3844924788261297
1.2871392384963083,1.3359986871641891
1.3366053382477439,1.2815247535324357
1.230600953500832,1.274217621769694
1.0532158070221866,1.3186303306582325
1.0672179852657417,1.3725142813679594
1.2326092622793534,1.3919026289498548
1.5189586554791168,1.3604477411280143
1.394041305770204,1.30131762506458
1.641733332578322,1.2697481970557696
1.5909364401412758,1.2957535977011967
1.3846915334517633,1.3518722103758982
1.267525089740698,1.389774032956231
1.1417066196954533,1.3794472979738075
1.23916470404692,1.326379428146217
1.3976877575350592,1.2763843900932843
1.4637467300501843,1.2784819435925912
1.5684896469202372,1.327713872408496
1.3571628479313222,1.3786209355595733
1.1054615803004306,1.3902668733298233
1.1544330958249809,1.3518611537656964
1.2353269521349852,1.2931526346715407
1.2667874224380096,1.2701290221521269
1.3690905833844542,1.3037522014459104
1.3480603748377535,1.3600827305803533
1.575936038199607,1.3916636664978748
1.7636178411626835,1.3732715815136158
1.612035120160818,1.3168131947549462
1.1998458864614496,1.272649294672237
1.1298549323319405,1.2839758607036538
1.04533572467013,1.336821236144695
1.3593366757868326,1.3837102825577314
1.5250938212647631,1.3873332872723827
1.2540431258447546,1.3427066830019831
1.1250167761700893,1.2859422290372755
1.0120620006255407,1.2720133066628583
1.3387595242176076,1.3123250287727803
1.2700044788745473,1.3676407883748307
1.5038505278025167,1.3922668709795019
1.499152627473359,1.366078426398041
1.2905581176343819,1.3075519310067265
1.2472878996522705,1.2704076287116166
1.4220318015042306,1.2905460037157197
1.7795603879060804,1.345755373240781
1.6301901298097892,1.3876822475555404
1.5097628125639457,1.383141181630877
1.1221031168234175,1.3331980156826464
0.8967052561179697,1.2798849798920284
1.1386376320971356,1.2753280220823093
1.3629095362761285,1.3212692912522346
1.2271907314896544,1.3743965372386413
1.1907502025505967,1.3915603405198256
1.2168537406144289,1.3580099737857039
1.4981372857338127,1.2988468458221243
1.3676906464270817,1.2697012105483352
1.370088145725958,1.2980188836595838
1.3317910570605451,1.3543284809277898
1.3271652470738773,1.390456764746384
1.5203421680643094,1.3777557780681424
1.5202145176008153,1.3235685265118449
1.4020527041471016,1.275143282936607
1.2228259632005636,1.2799659789611058
1.156089970897496,1.3303805756469196
1.3794043077837788,1.3802175354381463
1.4779439680591213,1.3895428812937485
1.4072446136144543,1.3492367682229647
1.1001400595271962,1.2909383384572548
1.264201495973859,1.2705265273104989
1.3235418166759656,1.306205894944432
1.5329424841786539,1.3623648754564612
1.203744459287979,1.3919743133736324
1.1082198490051474,1.371269883848392
1.2386164347961943,1.314065176112167
1.3598447323858547,1.2718373597152
1.1635248535806273,1.2857911081287805
1.2766546202873787,1.33945736173403
1.4975500662642007,1.3849899638646297
1.1209918943087682,1.3862364988926432
0.9318058068500041,1.3399557691173347
1.4441263168040903,1.2840457098398343
1.433627101534355,1.2728378102082492
1.326205883323609,1.3149083471124037
1.2890702612273248,1.369703323978856
1.2197242141676432,1.3921963873056211
1.313180056684967,1.363805071309784
1.6970379586903308,1.3049406830903751
1.6046730509139318,1.2700418721686744
1.4727910442323178,1.292643644514116
1.3002827281817726,1.348304969150591
1.159011952966974,1.3886195280039346
0.9305442279283908,1.3816878904445338
1.3572358117424825,1.330386945617258
1.5044484796361144,1.2783577278932405
1.1727578520213418,1.2765515112492634
1.1560612661033367,1.323922483115746
1.2456451202216652,1.376198917243866
1.517072511044374,1.3911060509619115
1.477179789571684,1.3555119027662141
1.3618842245003593,1.2964441698849067
1.0580771660821564,1.2697851902245654
1.1563628477863173,1.300345166091744
1.4723727486139118,1.3567388638527558
1.591225795534499,1.3910321132870958
1.6277251914300899,1.3759701745582888
1.4727419522967655,1.320768348439558
1.1887922135918965,1.2740249769709495
1.2983470909002837,1.2815514598054507
1.537024610426176,1.333044290389865
1.4882893817054055,1.3817245424077509
1.2827668441858302,1.388708755840628
1.1176353776111114,1.3465689059654982
0.8122770958868706,1.2888109188415755
1.0057829516342924,1.2710510638230996
1.4594540290377507,1.3087035994979235
1.5130953293919986,1.3645873639197788
1.3428930256504408,1.3921742881338044
1.2521350648934957,1.3691844736191934
1.120550990587003,1.311349504791624
1.0079511698320827,1.2711546007821588
1.279819108805001,1.2876941369633175
1.2114105282749856,1.3420738669157917
1.2326666388015648,1.3861720027145934
1.3026722355066835,1.3850335497780906
1.3586551960828233,1.3371801785451476
1.4849191733542206,1.2822522235075509
1.8872076614437183,1.273782182618744
1.6897805135404194,1.3175182601070667
1.4104547492189792,1.3716938297294634
1.0497639353743682,1.3920137813616735
1.2417087016151407,1.3614608564649944
1.3995842014337094,1.3023831055375275
1.2400403729086924,1.2698077008966173
1.0927443964782257,1.2948138109786225
1.1818028255614463,1.3508191823841271
1.0554510159892785,1.3894528392517087
1.2035834989482836,1.380134666389279
1.6882447602962312,1.3275715526407443
1.2976814552827485,1.276946391271245
1.143372704092817,1.2778849228951772
1.163442250687336,1.3265848344055728
1.3750409098317604,1.377918414679766
1.5254044143250731,1.3905400964025685
1.423002123997748,1.3529582198152357
1.3092828013268822,1.2941153059328292
1.289606216459339,1.2699993449171985
1.1266665724821803,1.3027275533086415
1.2845957024450385,1.3590992017365418
1.5625896778438548,1.3914989307918095
1.588740792110584,1.3740932596033268
1.4043506133393318,1.3179851918535923
1.1495547445537497,1.2730317449391912
1.02345001368655,1.2832345845021318
1.2950527426200784,1.335700084103848
1.4694433603068082,1.3831394300004856
1.4382980465458781,1.3877654332566876
1.4288647952593563,1.3438628705559135
1.4376568455092684,1.2867753983791805
1.189991419978916,1.2717008540420776
0.8760097385007785,1.3112402534800933
1.2132834951045042,1.3667464312452446
1.434822580796698,1.3922629745886614
1.469957438473937,1.3670188502101297
1.3668556750929075,1.3086724787094213
1.1464599141408753,1.27060212873564
0.9630110434247816,1.2896806366499212
1.1044418803495117,1.3446660464706282
1.0803525203516613,1.3872543709109113
0.9944945972358428,1.3837260191654657
1.0950292175957834,1.3343857181801082
1.3222184020852623,1.2805658957509203
1.3079882634055222,1.27484378612198
1.276505606162058,1.3201496593605604
1.5363259482221852,1.3736089735584285
1.7377142369783933,1.3917189856336298
1.6734745736718561,1.359049994939022
1.2934069138712003,1.2998852436898372
1.0661381596068613,1.2697050867163004
1.273002178820912,1.2970518079464244
1.36357215127032,1.3532936072994561
1.3240300440492607,1.390180664618581
1.3870732188615993,1.3784837751742551
1.4051237773945018,1.3247579979391046
1.284640945818108,1.2756540445193367
1.3292276338717908,1.2793248917667124
1.3773176873867545,1.3292513039008316
1.309611318464617,1.379552160882351
1.2597941889265256,1.389862984277042
1.4985880202597792,1.3503538044022019
1.1479625950957189,1.2918657866893908
1.126462749468502,1.270342583230534
1.0719775704121857,1.3051610909695992
1.226434249660894,1.3614054471519375
1.3069692912227766,1.3918562233690124
1.155936522465156,1.3721280173046562
1.3297515478142152,1.3152253793392108
1.4365147652948982,1.2721655214581482
1.5696767505163365,1.2850113898743938
1.6945082053652771,1.3383430822858464
1.7644840197358638,1.3844598156867984
1.5709417070346299,1.3867140329723648
1.3860898202062812,1.3411241255095272
1.0307419038085721,1.2848365572046927
0.9602084105482781,1.2724738554669752
1.1297389425706796,1.313810769155914
1.0364567285622628,1.3688384353845087
1.1684237837384719,1.3922399147096896
1.385924045879092,1.3647767243397357
1.5946265052261837,1.3060403489587944
1.5486346477339759,1.2701807167401944
1.1481507000083888,1.2917461714215441
1.220287824527589,1.3472292758669278
1.310642595100018,1.388235188449638
1.3849413883745103,1.382315682573267
1.186376721242314,1.331578315739519
1.10034681583417,1.2789905583580317
0.9808459439535293,1.2760197567724965
1.1968655557370915,1.3227974448857465
1.2435379912938864,1.3754455559614924
1.3129164265990065,1.3913120973458377
1.1285710270791216,1.3565769008896211
1.4298384825878638,1.2974530196691298
1.3696731989675222,1.2697336810724273
1.2462623766666678,1.2993528515080073
0.8977382187127325,1.3557239373726573
1.2436024891447193,1.390801638965394
1.4561138527983926,1.376737689901729
1.5739076103779677,1.3219525117331634
1.273063023389658,1.274483435316254
1.3409317108443244,1.280867864790376
1.4653703335509294,1.3319168895078695
1.6129816661602279,1.3810974271560066
1.539187888320587,1.3890753965136589
1.4918374628296454,1.347703716709136
1.2320353480247865,1.2897009482856432
0.9532769845555926,1.2708135232334437
1.4112714240988242,1.3076407728497468
1.2494898899814988,1.3636536666736703
1.1749667070571528,1.3921031521071257
1.3287365574021037,1.370077644458364
1.562786997052445,1.312495238170052
1.4908127974018588,1.271427901215052
1.3403182127457725,1.2868777618587777
1.278893819926122,1.3409684755578872
1.1824532131573147,1.3856834622592684
1.3108489326509332,1.3855558613896537
1.3163294335308349,1.338358284101632
1.4101327896327267,1.2829989162277138
1.5016122800123446,1.2733677719084333
1.5918075433349692,1.316410043062275
1.775573952441429,1.370859860130389
1.8098349376471732,1.3921048102570608
1.4186547874440298,1.362462016098426
1.0119929380757915,1.3034592976715387
0.909855620771697,1.269890803736235
1.2924739710583313,1.2938861909017005
1.3914590989984854,1.3497590170496152
1.2086172095954546,1.3891127245526798
1.341836240777301,1.3808045154300468
1.4686228259410872,1.3287640059856458
1.3943624018764458,1.2775297375677597
1.2296880178461276,1.2773070157851911
1.2334397239030468,1.3254565345317342
1.3625558044792152,1.3772005124016315
1.5108518081979405,1.390793380969842
1.6420235047864389,1.3540461846628862
1.3595378105533953,1.2950922102631828
1.154003251040143,1.2698928226915467
1.1506807010294597,1.3017120797576793
1.267121179876443,1.3581059698852045
1.3177996137706696,1.3913145496369166
1.3297191736967322,1.3748990933704563
1.2980160530554274,1.319161375706474
1.288739482023694,1.273436978654281
1.2176023594872074,1.2825101119962357
1.3035459036728818,1.3345766363554468
1.2661608807424085,1.3825516265259397
1.5406015087216198,1.3881781929631887
1.3407294091312276,1.3450131897226756
1.1007222226093096,1.2876259105558503
1.0495090010007104,1.271410502746824
1.177956331741493,1.3101615515527507
1.2309841086424373,1.3658400446348307
1.6215427424354414,1.3922390342758477
1.7895295783404408,1.3679455505601392
1.7008181051293456,1.309801079518091
1.4128640983053076,1.2708201387833407
1.1761962296264532,1.2888294461145278
1.1220211495258805,1.3435715263616292
1.2360984044437955,1.386808279091444
1.4268008166802182,1.3842924157583325
1.465855723883622,1.3355710981718087
1.3933368721312904,1.281266721737569
1.192765885972436,1.2743800648079857
1.253926691207497,1.3190329661651319
1.468993432873049,1.3728073180497102
1.4409017515702147,1.3918575246376506
1.3672070871063466,1.3600788521381817
1.2953982412090266,1.300935415636381
1.000129922776602,1.2697324992747
1.091923181713004,1.2960960407418327
1.3355241652459968,1.3522508238859179
1.375251242543056,1.389885398643898
1.501390269115187,1.3791946964338715
1.8344473002450556,1.3259489158368076
1.7665756855017838,1.2761866440951486
1.494349917055607,1.2787022807738606
0.8690056944108207,1.3281218730475008
1.271104137365618,1.3788709155089054
1.6541760901764515,1.390163271018156
1.5909097509153896,1.3514626470318192
1.1972495576736881,1.2928084252799352
1.174944328218847,1.2701815461809125
1.2380044591305734,1.304124563571632
1.1176457380774627,1.360435610324936
1.1138841592681827,1.3917183374401585
1.1172155865991946,1.3729708797909579
1.0676817870355262,1.3163909043868218
1.172486466060491,1.2725167526622345
1.268600587168778,1.2842477373187935
1.1834477343660168,1.3372256444749944
1.2828587978574815,1.3839123153279467
1.434483655498083,1.387172415032815
1.2833318224675798,1.3422876204056717
1.152580000981403,1.2856455584288486
1.1146522021310652,1.2721315900853811
1.193438482440589,1.3127183491222405
1.3411695446025083,1.3679608866335096
1.42740799977898,1.392263344679036
1.5393242573129282,1.3657353570193171
1.5252007515014692,1.3071491769876156
1.2618544894092447,1.2703431500008988
1.1704417677407304,1.2908620586084123
1.2992124269444707,1.3461475752670133
1.4252898905809257,1.3878323232895273
1.683227526604297,1.3829253880165813
1.9609015723825984,1.332768445887146
1.4160533697794988,1.2796439315120394
1.1884110872129814,1.2755079646169698
1.0342219509549324,1.3216744337453088
1.48703322750221,1.3746775531918705
1.5148649357938495,1.3914980850192857
1.446915546228934,1.357631562005722
1.1013856972491076,1.2984746798781932
1.1091078348882069,1.269705589604115
1.2159517181654849,1.298370973306608
1.5266731926462642,1.3547003472861434
1.39041102387309,1.3905517812923547
1.1651512249455163,1.377488610543657
0.9524689586995587,1.3231392483601112
1.1120996895602493,1.2749641648402705
1.21377578424526,1.280202076865698
1.2794406126870326,1.3307884407568582
1.269241405958985,1.3804539770872457
1.2549095792882077,1.3894223751160693
1.26878991330045,1.3488312725596008
1.334129876862701,1.2906070865706598
1.2872893899648794,1.2705985914265194
1.2096435663495688,1.3065853173860413
1.2720820364562078,1.3627088765134339
1.5281285331348895,1.3920120976904207
1.7498702504168124,1.3709561558380718
1.5669875124825525,1.313647425555832
1.0592696866173834,1.2717244961027028
1.1852279661408338,1.286076689297428
1.4751752085549097,1.339859076067959
1.4560895809239638,1.3851771946501563
1.6266794856362916,1.3860592894698893
1.6181509239091167,1.339532559917781
1.6282514660135958,1.2837645245594453
1.597311402651993,1.2729745951218032
1.55035125193426,1.3153060675019523
1.5183437585574036,1.3700126227975105
1.3501419123699059,1.392175717193532
1.31079123376086,1.3634508955509945
1.296976981918595,1.3045457446382704
1.2751386819122534,1.2699975148383993
1.3062563636448603,1.2929710962050238
1.1205316759976174,1.348692046911917
1.1536663353851455,1.3887538007563365
1.4554435298655999,1.3814566685030687
1.2437440164929185,1.3299563184291798
0.8898095922954994,1.2781342025043478
0.831117091739759,1.27674848215658
1.286554825982099,1.3243293549701158
1.4088156974745898,1.376467443581112
1.4481610386439676,1.3910266847197477
1.4336820162796975,1.3551246736143066
1.3741518504743584,1.296082931407936
1.0941838282080227,1.269809544888809
1.0747856195852277,1.300706158407088
1.1598636437248995,1.357103340016656
1.2906443546634985,1.391110595149205
1.1533653017652674,1.3756888515063885
1.079753549097191,1.3203412656582476
1.0700577538544331,1.2738648562959154
1.0566136331127,1.2818027476812164
1.1815852970141216,1.3334512618282564
1.3635628712381491,1.3819470499399151
0.9682360576794897,1.3885714773313305
1.0455851835861965,1.3461572220738771
0.9660295719163075,1.2884934079099357
0.9573769386880995,1.2711424136461986
1.1428094261875055,1.3090893099383263
1.254911787686573,1.3649219024707637
1.3827912110953833,1.3921950813590476
1.151993566044502,1.3688582409784853
1.1992758986170884,1.3109372597893416
1.360513703937158,1.2710616075081134
1.368751590077744,1.287992771706006
1.4926845822986072,1.3424721623682663
1.515797392746735,1.3863441116426947
1.6924334014365296,1.3848402322271995
1.6147730847512733,1.3367537028492327
1.3351421300519455,1.2819871733234607
0.9048843674298643,1.2739370805533108
1.2867578666577366,1.317919598793568
1.5505991168466071,1.3719918108143887
1.59999948704137,1.3919759465260793
1.4364970001336828,1.3610962057261933
1.0270426731393592,1.301996914682065
0.9551637461208329,1.2697834816700861
1.041354401051813,1.295151947286485
1.071389860058376,1.3512004555909276
1.3126791100267317,1.3895710671887227
1.406730716570282,1.379888349442483
1.1103077770706655,1.32714080557748
1.2345496821148845,1.276740880164073
1.5094785676406084,1.2780984199012746
1.4050401781303923,1.326992662114452
1.295507904262467,1.3781740035013126
0.9125516401502693,1.3904436858800036
1.332037000435819,1.352562907850374
1.5039089375084431,1.2937658533534504
1.4688079281074617,1.270043527426328
1.2011085638094854,1.3030966940698598
1.1576477988080862,1.359455661220458
1.2360300005441947,1.3915607159071766
1.3797476392131565,1.3737982238312594
1.5404568238060747,1.317561270686692
1.4474641995283455,1.2728909396544628
1.0745112062019069,1.2835004661849476
1.0238798707909273,1.3361054121308829
1.4267740602962706,1.383347629526437
1.3876929491509549,1.3876115417273363
1.294726333670664,1.3434458242315257
1.2478476937334169,1.286472375904205
1.255220557623947,1.2718111939556822
1.3041761682159267,1.3116314749274511
1.4766710869505597,1.367070942026898
1.4642055315346685,1.3922666963578578
1.2299073253693997,1.3666806670241978
1.1455003432658402,1.3082666992588021
1.3284797336066885,1.270529145905208
1.4749976601505983,1.2899916541442094
1.4266674844664677,1.345060210112476
1.3193043532866977,1.3874110607124739
1.1772699533674615,1.3835168523295849
1.1815656560066405,1.333956875429512
1.1936056829856043,1.2803175862793212
1.3913267864280747,1.2750163732662017
1.2360025008394464,1.3205538352630164
0.9920899266552017,1.37389513873409
1.0644239754990403,1.391663990216341
1.2053000141443448,1.3586755316684955
1.5367218351381258,1.2995087150537288
1.4115011071551156,1.269700972844531
1.1865079299059618,1.297399902416809
1.300370114715087,1.3536684105116086
1.4722854942896535,1.3902826290316435
1.5193359815632292,1.3782227281047417
1.3521730542783983,1.3243280801756963
1.3816594774691906,1.2754669894302684
1.2757060877457485,1.2795543831481397
1.09909247116859,1.329659319402913
1.2386597309340275,1.3797943855832007
1.3539070578291292,1.3897496224199144
1.2852769663340626,1.349951172308755
1.1655885561774575,1.2915289496755378
1.1919489529954497,1.2704064007245786
1.284886528627298,1.3055376173191597
1.2993894775915054,1.3617532806590256
1.2248625907079758,1.391901173313873
1.3924860688918703,1.3718197441312021
1.4990178572982926,1.3148055880639682
1.3814472746030202,1.2720442975995208
1.2991114785571234,1.2852912454251473
1.6063460672212115,1.3387460266762492
1.6518853049187567,1.3846533554651728
1.578437253729936,1.386543716091026
1.359757665707471,1.3407025661460903
1.1752272270875006,1.2845487320816893
0.9156023100461081,1.272602850311672
0.8540149561950285,1.3142067215443742
1.098513853710691,1.3691523721879828
1.1401787618364059,1.3922265089951265
1.0586064010304685,1.364427176875746
1.1957114655009804,1.3056419859491635
1.2660622696248498,1.270127833062154
1.2944989206776387,1.2920688826221844
1.1810900826633697,1.3476186076335461
1.1365500326466964,1.388376184621828
1.0670810670780584,1.3820909556521999
1.355256287239167,1.3311480226739911
1.501533700187599,1.2787595491788093
1.5478495517655304,1.2762095757121241
1.379911084975567,1.3232036790499775
1.237757335346827,1.3757194275517801
1.026507187035064,1.3912399709078054
1.11852697731133,1.356193317891092
1.2765600567077036,1.2970870470626017
1.2505534047450089,1.269749591439374
1.3559151465846369,1.2997101650555654
1.391528362193053,1.3560916207358282
1.3364205809497591,1.3908871444143456
1.204058116316256,1.3764623095401083
1.1855378485451882,1.3215243814837645
1.2425146171938772,1.2743152274188108
1.4119512571457988,1.2811127910539999
1.4954729908746538,1.332324331452655
1.3470354552302928,1.3813258827050936
1.1966949895294654,1.3889452032620777
1.3536459026422216,1.3472945541455656
1.4777699040453338,1.2893775246631218
1.4054841071355146,1.2708967392950528
1.47312306039912,1.3080239149387194
1.4704983342362665,1.363992282687021
1.5035893692098137,1.3921311522722204
1.4682717629905528,1.369756641764253
1.3608868003087649,1.3120805439658423
1.114775781214246,1.2713264727532494
0.8760321660813288,1.2871709491894934
0.9235879344257139,1.3413683066507942
1.1790061729904726,1.3858620128968893
1.5467991536194958,1.3853693357727872
1.5657998245391982,1.3379330830441012
1.4041731489867213,1.28272695629619
1.102707542863926,1.2735150487063949
1.1586698255957744,1.3168099448217234
1.321457811448254,1.3711626962648813
1.3069236915475548,1.392074245636441
1.291187452401869,1.3621017224307845
1.395015478635446,1.3030692894703293
1.5460208695239115,1.2698580571770486
1.7634215127604966,1.2942198901653623
1.797375534794634,1.3501428305959449
1.795520048961845,1.389237775511406
1.4613459450920745,1.3805645485141622
1.0501167862770953,1.3283331944373895
1.0317717280711378,1.2773165405903617
1.1838010785604016,1.277513577229682
1.4682065454371156,1.3258640515413938
1.4795591636576482,1.3774616335793786
1.4637329777130725,1.3907041789001733
1.0985286897996125,1.3536542042703628
1.461546990614346,1.2947376633367043
1.5526938156497818,1.269928629072228
1.2736106029124663,1.3020778623139606
1.05809303657905,1.358465899822406
1.2352933421540573,1.3913834240966023
1.4610448809970478,1.374609808797872
1.388476873110282,1.3187359974419945
1.3809308099231445,1.2732879578105658
1.4328558242064648,1.2827698875392792
1.3483685745955087,1.3349827513052306
1.2205784775599058,1.3827659297195494
1.3664892878751087,1.388031315795476
1.353642151690405,1.3445983120311267
1.3164437852430977,1.287316663386402
1.3451827589950414,1.2715128390187203
1.3598607102947176,1.3105505341721302
1.3946524751838674,1.3661688699699572
1.331155094998894,1.392249994062719
1.3600169340174584,1.3676123587199627
1.2793822525827214,1.3093924452220758
1.2196430540831213,1.2707386677352732
1.251142159378707,1.2891353026086332
1.3775678209798725,1.3439675260504074
1.2720913537846432,1.3869715337259991
1.3945741014524482,1.3840899275629435
1.4714671571779878,1.3351431469125528
1.2864881744877579,1.2810112515563556
1.3539235352090453,1.2745452145022844
1.2706345619577313,1.3194360357524293
1.0640909838668855,1.3730985467712085
1.30863840420404,1.3918097946004198
1.6616339245258265,1.3597084616431734
1.4851397585035762,1.3005546846561222
1.354665787130371,1.2697198779115664
1.0576535080405842,1.2964400074587021
1.2352975216178592,1.3526284473905201
1.314028801888369,1.3899942758696202
1.3500981803765262,1.378939840988085
1.2203161430557186,1.325518530353781
1.3997693767253092,1.275991722180396
1.3895845903034163,1.2789250652653825
1.3666070597519517,1.3285299023770167
1.3124546081172137,1.3791188506151477
1.3829654188965135,1.3900570749864336
1.5098440784882174,1.3510630201511749
1.5712572434781122,1.2924661462665945
1.4692460043971787,1.2702370746311111
1.3622685358139448,1.3044980557349426
1.0021172473591022,1.3607871701854453
1.0333568402409943,1.3917704324552602
1.3031769383912628,1.3726681525447786
1.1747560591116848,1.3159692458983514
1.4064579085674125,1.272387206932235
1.6512916427777846,1.2845217520718257
1.4985690913176546,1.3376296880433765
1.159162248202097,1.3841121050195098
1.1349582030297587,1.387009029536271
1.252200763669124,1.3418678671781943
1.041752946003276,1.2853512132690932
1.2220801615546117,1.272252727945432
1.2735914767356822,1.313112393314419
1.330465168197932,1.3682793669533393
1.770555809739664,1.3922571977225873
1.7145228572617663,1.3653905487093936
1.4835254757871095,1.3067475577609753
1.1880012048090387,1.2702817467739735
0.9492770555322625,1.2911799027400175
1.198800274045245,1.3465390379314999
1.3857792964271158,1.3879799977575367
1.4866186941825847,1.382707213518895
1.312416437856725,1.332338654099571
1.2895804938475721,1.279405530371537
1.3605838398548042,1.2756905438125614
1.1400689847629792,1.3220798911300993
1.3449250473680694,1.3749566880982844
1.5110152894699065,1.3914332083139946
1.659343742012253,1.3572517547245861
1.6076172531337287,1.298104129155919
1.2564632241362386,1.2697130326592379
0.998061738180526,1.298724473539635
1.297171238482767,1.3550711242071403
1.220202578792628,1.3906442794731508
1.339554481619071,1.377219249826466
1.5321072842480579,1.3227102436587386
1.4795660952674647,1.2747879306814776
1.3764357873547903,1.2804405364678288
1.0863065832462933,1.3311962180632901
1.1959766295019472,1.3806883119219744
1.3830417712749743,1.389299293565766
1.1078209534485808,1.3484247775751497
1.0729359305902912,1.2902778871477878
1.1605884790560128,1.270673623782043
1.3903305590380393,1.3069657520682847
1.4862223199246183,1.363051467180878
1.3048968649789852,1.3920472885436037
1.1684386681980419,1.3706404800103367
0.9548315340178548,1.3132304548776892
1.0421647466252313,1.271614661507005
1.414364647309915,1.2863643103545068
1.5498522746281518,1.3402603139957898
1.3770254714668337,1.3853621319587799
1.3826563413829314,1.3858795999287543
1.4423700958846815,1.3391087934139574
1.295200579988216,1.283485766920949
1.0691592338115907,1.2731141773964858
1.1442453642200952,1.31570439214455
1.3632217009738463,1.3703202230910176
1.2925687800536163,1.392152421615947
1.319880751979557,1.3630950754294588
1.4044943738591291,1.3041520845701335
1.3649194910866067,1.2699562387954577
1.5831280587826235,1.2933002291613431
1.576435414483989,1.349078280295782
1.3194323779283181,1.3888856337495208
0.9506203769407845,1.3812231146489784
1.1586475236999558,1.3295256118340368
1.2098142652934951,1.277913402685605
1.130547031287132,1.2769480148527907
1.4524681353589324,1.3247364230691685
1.4483838583506363,1.3767340189750552
1.3348020864139936,1.3909447057445443
1.106795165538286,1.354736159484228
1.230913610061019,1.2957234412293384
1.38199755985729,1.2698369439253203
1.229257488533301,1.3010684465377775
1.205148640518043,1.3574666298019584
1.4602167788993778,1.3911865323253536
1.629419316197073,1.375405400909859
1.6597681354863547,1.3199146039095202
1.3221919633973875,1.273707671560335
0.9932708736363549,1.2820563076471403
1.0156455658061627,1.3338580301801766
1.3023452493044438,1.3821673920261601
1.5090601691863623,1.388431646010017
1.5784016688030265,1.3457446636173394
1.567199780934922,1.288178066207447
1.4635088075224985,1.2712366891097264
1.3426413727972883,1.3094759140024432
1.173293398867201,1.365254942931861
1.29977821100203,1.392213267257753
1.2977651041240885,1.3685301431988022
1.3211161801416227,1.31052594199999
1.1834622297152828,1.2709716680372802
1.2481319743509314,1.288293344946794
1.4415304139705112,1.342869871538616
1.621136523477731,1.3865138801429553
1.7099762104351723,1.3846444722163056
1.5683224893990568,1.3363268062595044
1.1357332640039217,1.2817246463510643
1.17076338185835,1.2740947132525016
0.985734887750195,1.3183214221478654
1.0102015952715422,1.3722880158399426
1.0725355694656307,1.3919354852267167
1.475395845844223,1.360730009983099
1.558595731395527,1.3016121433608832
1.2889299547507784,1.2697623419002457
1.02816789578091,1.295491654596345
1.2400528791718366,1.3515807816269725
1.458245766971116,1.3896868204021737
1.4041673124461653,1.3796397543545287
1.1572025291526453,1.326710123638724
1.160372051347408,1.2765381654516597
1.0627599482588739,1.2783143992087715
1.3264536027815477,1.3274005681696606
1.3786717946914704,1.3784275747219854
1.4352644828079604,1.3903446751167583
1.6230620045489244,1.3521664258026436
1.8089157280738706,1.293418277953553
1.7216909238974942,1.2700907276849343
1.2107790442963235,1.3034670144478102
1.1676088339137682,1.3598108399745148
1.2777777936274892,1.3916199336218953
1.2732459733281305,1.373501131129098
1.3822193545084713,1.3171379186434504
1.3149549529350721,1.2727531143837985
1.4873476246222874,1.2837685266072343
1.5361447904376524,1.3365104231737308
1.5541979380395645,1.383553608349796
1.2048112168375917,1.38745512424713
1.1789365283515303,1.343028031809537
1.2426628218683502,1.2861716336842715
1.166206214803923,1.2719244107498946
1.4503053039694203,1.3120234708082499
1.3247561306198385,1.3673938699021888
1.471056015793581,1.3922678006450884
1.5688424042844125,1.3663407063206807
1.6042192843824705,1.3078619931818114
1.7157097287645384,1.2704592337667793
1.5938597295642922,1.2903045058531277
1.003736471269653,1.345453679506948
1.3996838637261544,1.3875653666082497
1.7550909246850788,1.3833052853004872
1.237365366372139,1.3335277509782937
1.083395087550126,1.2800718886616154
1.1698499649091947,1.275191627324876
1.5097765118756612,1.3209583764797952
1.6337681670297741,1.3741794534286667
1.7392033639018116,1.391606371201376
1.6490202195305712,1.3582996274446801
1.4094747430149894,1.299133744137488
1.1599288460424946,1.2696999291229996
1.272210600269517,1.2977494555866749
1.3572930975718867,1.354042166097768
1.3048625703639063,1.3903820873075488
1.4231042116001078,1.377959461530441
1.641290766372367,1.3238983736251828
1.378322572333093,1.275282793883326
1.23169569466097,1.2797862729863843
1.2406944362094179,1.330067296299307
1.3799219849600606,1.3800345293089897
1.1406394235934534,1.3896336769106385
1.3591405149735947,1.349547489232797
1.6306963808361503,1.2911941140463314
1.4326126961815242,1.2704732025791108
1.3865193666498354,1.3059152059108747
1.1276493925458677,1.3620997417679903
1.1838034580076966,1.3919435367751922
1.4286465988659598,1.3715094896237736
1.1641218515191383,1.3143865140414395
1.2556764443385429,1.2719260898660099
1.219394142141552,1.2855731828707495
1.0830191591229867,1.3391485417345956
1.3445289600223294,1.3848446226910465
1.6409678189245513,1.3863709045105945
1.6265382302731075,1.3402803926214686
1.7928133027252882,1.2842632921113726
1.3840026935583563,1.2727346673786595
1.0579684461456462,1.3146033288450036
1.325633907479207,1.3694646442257168
1.5408850877846805,1.3922104793894965
1.2580953432065318,1.3640759444095902
1.0566290267037415,1.3052448407800434
1.1776205631052685,1.2700780291538105
1.4608240261377006,1.2923933211090493
1.5950928914900009,1.348007139232524
1.4780431523367432,1.3885147569071803
1.0601305959683474,1.3818638754974335
0.9142342905624034,1.3307175895573442
1.2363795653471492,1.278531233301675
1.4413337782241313,1.2764019887274698
1.4411600035705763,1.3236101596263155
1.1893799911027707,1.3759913774072778
0.973106301780718,1.391165227662303
1.1188791100182511,1.355808402565183
1.390879932792415,1.2967227668800974
1.58456492931457,1.269768555357392
1.2870925068409338,1.3000688232127962
1.2515931212448994,1.356458158464468
1.168829292907696,1.3909701158853913
1.1788369400848717,1.3761847732270813
1.3168981681706082,1.3210966096771923
1.2411553276166665,1.2741499344022662
1.3724025798891817,1.281360027827982
1.4959075196132778,1.3327316189740848
1.6832848694167513,1.3815521972287037
1.535643332243194,1.388812447124215
1.2950426718534498,1.3468844637165782
1.3370294897534976,1.2890562214965988
1.190697055255717,1.270982899804885
1.2667852604462548,1.308408000969876
1.5105346902891168,1.3643294374039845
1.3902579655188472,1.3921565505312155
1.0695508874060529,1.3694337383112951
1.4101197662279148,1.3116667146917889
1.4769004255818787,1.2712280885655527
1.449884724312815,1.2874661183246514
1.3342973052707374,1.3417675977688912
0.9330095895888912,1.386038242567876
1.1355011086145657,1.385180351190087
1.2159700485869263,1.337507402965218
1.4569356173528967,1.2824574799314499
1.5017157283735554,1.2736650874353572
1.1872768830393439,1.317210381878035
1.1634935805404674,1.3714637887991799
1.4346147469573398,1.3920410545063087
1.368478779707976,1.3617398411015957
1.3007658553038166,1.3026806413579255
1.2572633522789471,1.2698283917722035
1.3254693358706373,1.2945552073910591
1.481167356390818,1.3505257402256046
1.3599098840849837,1.3893603661217817
1.3939255416577518,1.380322280094487
1.2621499864556474,1.3279023865912958
1.1339352632740864,1.2771061109416804
1.0799727701022914,1.2777226551853114
1.3902865231535138,1.326271696723053
1.6089349276689633,1.3777207649874028
1.5253085824072623,1.3906123708037865
1.279334990411491,1.3532610046133098
1.2500119406060222,1.2943849395520013
1.3062082933539225,1.2699674653167503
1.4432686530015206,1.3024448738552232
1.4511751241193458,1.3588245886652393
1.4993760027026057,1.3914497403335093
1.432935659864506,1.374318436782296
1.4341732367101772,1.3183111255522189
1.5233042425948224,1.2731418992862298
1.2229673585447873,1.2830318817967414
0.8751763725843568,1.3353885973266402
1.2297904900427932,1.3829780351976733
1.5942423486320565,1.3878819007704868
1.440733312159016,1.3441826333980267
1.3566140691515745,1.2870096501788433
1.2044114462326816,1.2716180735563543
1.2500764129633724,1.3109403417563705
1.1267360629092806,1.366496147961635
1.2662330866647487,1.3922583402134892
1.2404132963896422,1.36727735165382
1.3108440403973982,1.3089848225771206
1.6130549059995865,1.2706602611860913
1.8087498243101363,1.2894430378186947
1.741275324518388,1.344362876973049
1.4332481348921684,1.3871324224421513
1.1252346104680166,1.38388502070625
0.9967634377279463,1.334714854684998
1.1002895264210386,1.2807583565527039
1.3555712762012297,1.274713060469871
1.3787474932100658,1.31983952115769
1.3136084679309066,1.3733879561455953
1.382308661545344,1.3917594392763049
1.3708192854264065,1.3593365855635153
1.4480874794179381,1.3001754532694023
1.2603434983222856,1.2697103315413365
1.0890609050130244,1.2967854806679615
1.2239536488312115,1.3530050655193877
1.4702952481527278,1.3901006598269865
1.4713760748372926,1.3786827406074829
1.4125268038313532,1.3250882940512294
1.3897113668750256,1.2757996340113824
1.2716523615708863,1.2791502842373546
1.1830729583804327,1.328937942502227
1.2416299467685497,1.379364731181806
1.3305386928505065,1.3899482877721943
1.357953353888496,1.3506622913472757
1.32496619918692,1.2921258166377456
1.2065006704411347,1.2702956023926957
1.2538246879200232,1.3048726599759852
1.303599693486861,1.361137396136108
1.261448388550348,1.3918199486233218
1.3032364414296729,1.3723634113412864
1.5446296861828808,1.3155482419563094
1.5861933719419317,1.272260663007216
1.287586836626934,1.2847978901439963
1.0685028830744865,1.3380333496596701
1.189676807306547,1.3843096436992128
1.1121375012673802,1.386843135563696
1.1120898600285554,1.341447443507453
1.1561444338754723,1.285059209609543
1.1576931517895943,1.272376711878641
1.3524010407965117,1.3135071430611047
1.5131591152533703,1.3685962168094254
1.4769298780570634,1.3922484291292854
1.4572823926155625,1.3650440156235384
1.0047356381662074,1.3063470954334835
1.1142024535355328,1.2702234204189886
1.060311942850167,1.2914995197489558
1.272930285830895,1.3469297450276725
1.4192222298251007,1.3881252648423321
1.4355397783657307,1.3824866653221277
1.315628649676082,1.3319086619944644
1.2542156372633941,1.2791697889334992
1.2785288818429246,1.2758757485231351
1.3496451886492498,1.322485645213276
1.5033803647714312,1.375233931055764
1.6400766918207224,1.391365711442438
1.3389390631327236,1.3568705685628981
0.9989239962745614,1.2977352142681597
1.102415895937133,1.2697235371727573
1.2778693554205303,1.2990793669013747
1.2842998176198197,1.355440796694859
1.3123151613113941,1.3907342550290003
1.348995396126078,1.3769477056399848
1.5330567472931023,1.3222815349366166
1.5251582190416073,1.2746145889276193
1.5611465471776922,1.2806813443101326
1.2773765094296006,1.331603889845023
1.1897712616957545,1.3809205307544035
1.279267280481307,1.3891736398194787
1.1768579920176352,1.348017302107812
1.2380445016965063,1.2899507584092238
1.38184238885944,1.2707516182689198
1.4626197440495152,1.3073471808897426
1.2028906008149403,1.3633926338568727
1.1646928916760562,1.3920798835733368
1.128329926938994,1.3703228686933022
1.0713542176049122,1.3128142866755101
0.9540459960696099,1.2715078602346574
1.1543524144392476,1.286653955984657
1.2708687934769571,1.3406610585882894
1.230498093357452,1.3855447683829833
1.4657023245229281,1.385697435735861
1.48140437361083,1.3386844902840418
1.4100498265977144,1.2832094519836765
1.2969313939118623,1.273256547806078
1.3062037193241338,1.3161033027376403
1.394588042715024,1.370626112797332
1.357057098903281,1.3921265001719294
1.3244956302846562,1.362737625838825
1.130154406655885,1.3037597246531984
1.372168961237018,1.2699180442507843
1.3464065591239263,1.2936310266549391
1.3947760106307723,1.3494636534278697
1.2210471262786606,1.389015021404747
1.2869699265237546,1.3809872367964948
1.217598112882781,1.3290948478284081
1.3091415863574623,1.2776953397642434
1.2939527640032413,1.2771500974689158
1.3171855067814244,1.3251436693209404
1.5159715688913782,1.3769986330160815
1.4461765395228836,1.3908601156852995
1.1267241889776054,1.3543463776755553
0.8964700830530541,1.295365719351947
1.2906869687873426,1.269867383708566
1.4636981664727096,1.3014320127916867
1.258404938272145,1.357828718602734
1.2354994092600817,1.3912599211059262
1.146061931770383,1.375119833250332
1.1789211580649146,1.3194883858298023
1.0788962309821946,1.2735534300226132
1.0963343149074887,1.2823121256569059
0.9910147013072984,1.3342645779253326
1.1493726611112467,1.382385559992719
1.2508389066968857,1.3882892657055603
1.1832533072786995,1.3453312500166559
1.3746853386946913,1.2878649111029976
1.3646402983505979,1.2713338831461543
1.4638983771311145,1.3098633934852466
1.5577099207289262,1.3655864721374174
1.5789015935274369,1.3922288440350046
1.518077191172452,1.3682001933669121
1.2731400941268631,1.310115573875061
1.199755523073912,1.2708847854635954
1.2205446978734875,1.2885958409116187
1.3497742726078785,1.3432669777809314
1.3973703194213714,1.3866813013376094
1.3206347636391067,1.3844462759114526
1.2924928247237377,1.33589950990002
1.4212102776651097,1.281464656608558
1.3646894031803007,1.2742550706690434
1.1946396835102842,1.3187237118883182
1.4194312228826034,1.3725824332164982
1.7366567627761522,1.3918923976502882
1.8129866585378245,1.3603622848541352
1.7019260496891664,1.3012288129214287
1.3884794386021129,1.2697442806433228
1.0201925679726953,1.2958329158518023
1.0780330105152298,1.3519601449683467
1.2111670720436123,1.389800093855166
1.58813787783485,1.3793888897800957
1.471857978734292,1.3262795290851541
1.4276979591275751,1.2763382572967268
0.9995838914605064,1.2785328482653944
1.0574959394858865,1.3278085346114503
1.3713181096131695,1.3786791184317464
1.613484332629117,1.3902430663835026
1.5466771355633837,1.3517687916263577
1.4052268384364839,1.2930725990511673
1.2028951647572184,1.270140941017012
1.051169041742903,1.303838496554134
1.36833319093037,1.3601647237974006
1.220054783975738,1.3916765807802864
1.4196878062806486,1.3732019927401065
1.33955516932901,1.3167151583971224
